<?xml version="1.0" encoding="utf-8"?>
<!DOCTYPE hibernate-configuration PUBLIC
"-//Hibernate/Hibernate Configuration DTD 3.0//EN"
"http://www.hibernate.org/dtd/hibernate-configuration-3.0.dtd">
<hibernate-configuration>
    <session-factory>
        <property name="hibernate.bytecode.use_reflection_optimizer">false</property>
        <property name="hibernate.connection.driver_class">com.mysql.jdbc.Driver</property>
        <property name="hibernate.connection.password">playstation97</property>
        <property name="hibernate.connection.url">jdbc:mysql://localhost:3306/ems</property>
        <property name="hibernate.connection.username">root</property>
        <property name="hibernate.dialect">org.hibernate.dialect.MySQL5InnoDBDialect</property>
        <property name="hibernate.hbm2ddl.auto">none</property>
        <property name="hibernate.search.autoregister_listeners">true</property>
        <property name="hibernate.validator.apply_to_ddl">false</property>
        <mapping class="com.parikshit.springpro.hibernate.pojo.InnodbBufferStatsBySchema" />
        <mapping class="com.parikshit.springpro.hibernate.pojo.SchemaAutoIncrementColumns" />
        <mapping class="com.parikshit.springpro.hibernate.pojo.X$memoryByUserByCurrentBytes" />
        <mapping class="com.parikshit.springpro.hibernate.pojo.HostSummaryByStatementLatency" />
        <mapping class="com.parikshit.springpro.hibernate.pojo.StatementsWithTempTables" />
        <mapping class="com.parikshit.springpro.hibernate.pojo.SchemaTablesWithFullTableScans" />
        <mapping class="com.parikshit.springpro.hibernate.pojo.X$psDigestAvgLatencyDistribution" />
        <mapping class="com.parikshit.springpro.hibernate.pojo.X$userSummaryByStatementLatency" />
        <mapping class="com.parikshit.springpro.hibernate.pojo.X$hostSummaryByStages" />
        <mapping class="com.parikshit.springpro.hibernate.pojo.X$memoryByThreadByCurrentBytes" />
        <mapping class="com.parikshit.springpro.hibernate.pojo.X$userSummaryByStages" />
        <mapping class="com.parikshit.springpro.hibernate.pojo.IoByThreadByLatency" />
        <mapping class="com.parikshit.springpro.hibernate.pojo.MemoryByUserByCurrentBytes" />
        <mapping class="com.parikshit.springpro.hibernate.pojo.UserSummaryByStatementLatency" />
        <mapping class="com.parikshit.springpro.hibernate.pojo.UserSummaryByStatementType" />
        <mapping class="com.parikshit.springpro.hibernate.pojo.X$psDigest95thPercentileByAvgUs" />
        <mapping class="com.parikshit.springpro.hibernate.pojo.X$schemaFlattenedKeys" />
        <mapping class="com.parikshit.springpro.hibernate.pojo.Address" />
        <mapping class="com.parikshit.springpro.hibernate.pojo.WaitClassesGlobalByLatency" />
        <mapping class="com.parikshit.springpro.hibernate.pojo.X$ioGlobalByFileByLatency" />
        <mapping class="com.parikshit.springpro.hibernate.pojo.SchemaObjectOverview" />
        <mapping class="com.parikshit.springpro.hibernate.pojo.X$waitClassesGlobalByLatency" />
        <mapping class="com.parikshit.springpro.hibernate.pojo.PsCheckLostInstrumentation" />
        <mapping class="com.parikshit.springpro.hibernate.pojo.X$innodbBufferStatsByTable" />
        <mapping class="com.parikshit.springpro.hibernate.pojo.X$processlist" />
        <mapping class="com.parikshit.springpro.hibernate.pojo.X$userSummaryByStatementType" />
        <mapping class="com.parikshit.springpro.hibernate.pojo.X$statementsWithErrorsOrWarnings" />
        <mapping class="com.parikshit.springpro.hibernate.pojo.X$ioByThreadByLatency" />
        <mapping class="com.parikshit.springpro.hibernate.pojo.MemoryByThreadByCurrentBytes" />
        <mapping class="com.parikshit.springpro.hibernate.pojo.X$userSummary" />
        <mapping class="com.parikshit.springpro.hibernate.pojo.IoGlobalByFileByLatency" />
        <mapping class="com.parikshit.springpro.hibernate.pojo.UserSummaryByStages" />
        <mapping class="com.parikshit.springpro.hibernate.pojo.SchemaRedundantIndexes" />
        <mapping class="com.parikshit.springpro.hibernate.pojo.StatementAnalysis" />
        <mapping class="com.parikshit.springpro.hibernate.pojo.X$hostSummaryByFileIoType" />
        <mapping class="com.parikshit.springpro.hibernate.pojo.X$statementsWithTempTables" />
        <mapping class="com.parikshit.springpro.hibernate.pojo.WaitsByHostByLatency" />
        <mapping class="com.parikshit.springpro.hibernate.pojo.Session" />
        <mapping class="com.parikshit.springpro.hibernate.pojo.X$innodbLockWaits" />
        <mapping class="com.parikshit.springpro.hibernate.pojo.IoGlobalByWaitByBytes" />
        <mapping class="com.parikshit.springpro.hibernate.pojo.X$userSummaryByFileIoType" />
        <mapping class="com.parikshit.springpro.hibernate.pojo.Metrics" />
        <mapping class="com.parikshit.springpro.hibernate.pojo.X$statementAnalysis" />
        <mapping class="com.parikshit.springpro.hibernate.pojo.InnodbBufferStatsByTable" />
        <mapping class="com.parikshit.springpro.hibernate.pojo.X$latestFileIo" />
        <mapping class="com.parikshit.springpro.hibernate.pojo.IoGlobalByFileByBytes" />
        <mapping class="com.parikshit.springpro.hibernate.pojo.X$userSummaryByFileIo" />
        <mapping class="com.parikshit.springpro.hibernate.pojo.StatementsWithErrorsOrWarnings" />
        <mapping class="com.parikshit.springpro.hibernate.pojo.X$hostSummaryByFileIo" />
        <mapping class="com.parikshit.springpro.hibernate.pojo.X$statementsWithFullTableScans" />
        <mapping class="com.parikshit.springpro.hibernate.pojo.StatementsWithFullTableScans" />
        <mapping class="com.parikshit.springpro.hibernate.pojo.LatestFileIo" />
        <mapping class="com.parikshit.springpro.hibernate.pojo.SchemaTableStatisticsWithBuffer" />
        <mapping class="com.parikshit.springpro.hibernate.pojo.UserSummaryByFileIo" />
        <mapping class="com.parikshit.springpro.hibernate.pojo.HostSummaryByFileIo" />
        <mapping class="com.parikshit.springpro.hibernate.pojo.X$ioGlobalByWaitByBytes" />
        <mapping class="com.parikshit.springpro.hibernate.pojo.Version" />
        <mapping class="com.parikshit.springpro.hibernate.pojo.X$hostSummaryByStatementType" />
        <mapping class="com.parikshit.springpro.hibernate.pojo.MemoryGlobalTotal" />
        <mapping class="com.parikshit.springpro.hibernate.pojo.X$memoryGlobalByCurrentBytes" />
        <mapping class="com.parikshit.springpro.hibernate.pojo.StatementsWithSorting" />
        <mapping class="com.parikshit.springpro.hibernate.pojo.HostSummaryByStatementType" />
        <mapping class="com.parikshit.springpro.hibernate.pojo.X$ioGlobalByFileByBytes" />
        <mapping class="com.parikshit.springpro.hibernate.pojo.HostSummary" />
        <mapping class="com.parikshit.springpro.hibernate.pojo.X$schemaTableStatisticsWithBuffer" />
        <mapping class="com.parikshit.springpro.hibernate.pojo.MemoryGlobalByCurrentBytes" />
        <mapping class="com.parikshit.springpro.hibernate.pojo.X$schemaTableLockWaits" />
        <mapping class="com.parikshit.springpro.hibernate.pojo.Employee" />
        <mapping class="com.parikshit.springpro.hibernate.pojo.StatementsWithRuntimesIn95thPercentile" />
        <mapping class="com.parikshit.springpro.hibernate.pojo.MemoryByHostByCurrentBytes" />
        <mapping class="com.parikshit.springpro.hibernate.pojo.X$waitsByUserByLatency" />
        <mapping class="com.parikshit.springpro.hibernate.pojo.X$waitsGlobalByLatency" />
        <mapping class="com.parikshit.springpro.hibernate.pojo.X$statementsWithRuntimesIn95thPercentile" />
        <mapping class="com.parikshit.springpro.hibernate.pojo.SchemaIndexStatistics" />
        <mapping class="com.parikshit.springpro.hibernate.pojo.InnodbLockWaits" />
        <mapping class="com.parikshit.springpro.hibernate.pojo.IoGlobalByWaitByLatency" />
        <mapping class="com.parikshit.springpro.hibernate.pojo.X$statementsWithSorting" />
        <mapping class="com.parikshit.springpro.hibernate.pojo.X$memoryByHostByCurrentBytes" />
        <mapping class="com.parikshit.springpro.hibernate.pojo.X$session" />
        <mapping class="com.parikshit.springpro.hibernate.pojo.SchemaTableStatistics" />
        <mapping class="com.parikshit.springpro.hibernate.pojo.X$ioGlobalByWaitByLatency" />
        <mapping class="com.parikshit.springpro.hibernate.pojo.WaitsByUserByLatency" />
        <mapping class="com.parikshit.springpro.hibernate.pojo.HostSummaryByStages" />
        <mapping class="com.parikshit.springpro.hibernate.pojo.X$waitsByHostByLatency" />
        <mapping class="com.parikshit.springpro.hibernate.pojo.SchemaUnusedIndexes" />
        <mapping class="com.parikshit.springpro.hibernate.pojo.WaitsGlobalByLatency" />
        <mapping class="com.parikshit.springpro.hibernate.pojo.X$innodbBufferStatsBySchema" />
        <mapping class="com.parikshit.springpro.hibernate.pojo.X$schemaIndexStatistics" />
        <mapping class="com.parikshit.springpro.hibernate.pojo.WaitClassesGlobalByAvgLatency" />
        <mapping class="com.parikshit.springpro.hibernate.pojo.HostSummaryByFileIoType" />
        <mapping class="com.parikshit.springpro.hibernate.pojo.X$psSchemaTableStatisticsIo" />
        <mapping class="com.parikshit.springpro.hibernate.pojo.UserSummaryByFileIoType" />
        <mapping class="com.parikshit.springpro.hibernate.pojo.Processlist" />
        <mapping class="com.parikshit.springpro.hibernate.pojo.UserSummary" />
        <mapping class="com.parikshit.springpro.hibernate.pojo.X$waitClassesGlobalByAvgLatency" />
        <mapping class="com.parikshit.springpro.hibernate.pojo.SessionSslStatus" />
        <mapping class="com.parikshit.springpro.hibernate.pojo.SysConfig" />
        <mapping class="com.parikshit.springpro.hibernate.pojo.X$schemaTablesWithFullTableScans" />
        <mapping class="com.parikshit.springpro.hibernate.pojo.X$schemaTableStatistics" />
        <mapping class="com.parikshit.springpro.hibernate.pojo.X$hostSummary" />
        <mapping class="com.parikshit.springpro.hibernate.pojo.SchemaTableLockWaits" />
        <mapping class="com.parikshit.springpro.hibernate.pojo.X$memoryGlobalTotal" />
        <mapping class="com.parikshit.springpro.hibernate.pojo.X$hostSummaryByStatementLatency" />
    </session-factory>
</hibernate-configuration>
